{
    "eng_computer_science.html": {
        "0": 4.186983644733724,
        "1": 14.986966066160976,
        "2": 8.373967289467448,
        "3": 3.8029426392883483,
        "4": 8.982812785905237,
        "5": 9.63849255129978,
        "6": 4.692793749466657,
        "7": 12.167543074964444,
        "8": 11.043520620002372,
        "9": 12.51411666524442,
        "10": 5.404674637609303,
        "11": 11.001369777941294,
        "12": 19.37533706740874,
        "13": 4.1026819606115685,
        "14": 5.507710029314161,
        "15": 8.003976564709099,
        "16": 8.153846225370708,
        "17": 6.776918718042167,
        "18": 14.232934335957255,
        "19": 10.81403270211428,
        "20": 14.705960452420461,
        "21": 19.670392961836285,
        "22": 7.943092015065319,
        "23": 8.139795944683682,
        "24": 18.3028323082991,
        "25": 10.341006585651076,
        "26": 10.696947029722399,
        "27": 12.120708806007691,
        "28": 2.8241064180922097,
        "29": 17.469182320868892,
        "30": 21.881569056841823,
        "31": 5.011266778372577,
        "32": 9.675959966465182,
        "33": 8.786108856286875,
        "34": 6.8003358525205435,
        "35": 7.6246189861593985,
        "36": 8.153846225370708,
        "37": 22.016789836569618,
        "38": 39.09724772509747
    },
    "eng_literature.html": {
        "0": 3.656948918126608,
        "1": 8.839618354382292,
        "2": 6.792045648590269,
        "3": 12.333239488583855,
        "4": 9.863404707278303,
        "5": 0.8046881061672928,
        "6": 1.5217369136430983,
        "7": 5.011374443358685,
        "8": 1.4022287790637975,
        "9": 5.401767682984401,
        "10": 7.043012731206801,
        "11": 10.086486558492998,
        "12": 6.7920456485902685,
        "13": 11.201895814566472,
        "14": 9.17822473569031,
        "15": 2.9159984837349424,
        "16": 8.540848017934039,
        "17": 9.98689644634358,
        "18": 12.723632728209571,
        "19": 10.205994693072299,
        "20": 19.021711420538725,
        "21": 10.391325119401932,
        "22": 7.258127373449542,
        "23": 8.939208466531708,
        "24": 13.536288043348817,
        "25": 4.214653546163346,
        "26": 5.477456168217959,
        "27": 1.553605749530912,
        "28": 2.167080840371323,
        "29": 1.4420648239235643,
        "30": 2.143179213455463,
        "31": 2.1511464224274164,
        "32": 3.609145664294888,
        "33": 0.7011143895318988,
        "34": 1.4500320328955176,
        "35": 2.143179213455463,
        "36": 1.434097614951611,
        "37": 1.4022287790637975,
        "38": 3.286473700930775,
        "39": 1.4420648239235643,
        "40": 1.5217369136430983,
        "41": 0.8046881061672928,
        "42": 0.8046881061672928,
        "43": 2.167080840371323,
        "44": 1.4181631970077042,
        "45": 2.1033431685956963,
        "46": 0.8046881061672928,
        "47": 4.350096098686553,
        "48": 2.190982467287183,
        "49": 1.4101959880357509,
        "50": 0,
        "51": 1.4181631970077042,
        "52": 0,
        "53": 4.075227389154161,
        "54": 0.7170488074758055,
        "55": 2.9080312747629886,
        "56": 0.7011143895318988,
        "57": 4.939669562611105,
        "58": 2.1113103775676496,
        "59": 2.1113103775676496,
        "60": 8.620520107653572,
        "61": 2.1033431685956963,
        "62": 0,
        "63": 1.4819008687833313,
        "64": 1.4181631970077042,
        "65": 2.8363263940154084,
        "66": 1.4261304059796576,
        "67": 5.712488832890584,
        "68": 5.911669057189419,
        "69": 7.2820290003654025,
        "70": 13.197681662040797,
        "71": 13.18174724409689,
        "72": 7.210324119617821,
        "73": 7.401537134944704,
        "74": 13.118009572321263,
        "75": 6.676521118496945,
        "76": 8.803765914008501,
        "77": 3.88401437382728,
        "78": 8.11858594242051,
        "79": 10.962879545407871,
        "80": 12.389009951387528,
        "81": 14.468451493067365,
        "82": 10.269732364847926,
        "83": 11.130190933818891,
        "84": 3.274522887472845,
        "85": 2.852260811959315,
        "86": 6.740258790272572
    },
    "rus_computer_science.html": {
        "0": 14.293172895684386,
        "1": 16.480171758485593,
        "2": 43.62644452817382,
        "3": 9.943076796997834,
        "4": 19.898104407453598,
        "5": 14.597918638861602,
        "6": 15.775073764467717,
        "7": 20.17297311698599,
        "8": 7.929364729336616,
        "9": 9.214077176064102,
        "10": 16.139573574934587,
        "11": 12.482624656807976,
        "12": 27.97976559761104,
        "13": 4.266440404481043,
        "14": 12.410919776060396,
        "15": 9.32163449718547,
        "16": 5.724439646348514,
        "17": 10.86328943325845,
        "18": 6.48929170765604,
        "19": 9.24992961643789,
        "20": 12.494575470265909,
        "21": 6.088939456815381,
        "22": 13.41478810652652,
        "23": 10.325502827651597,
        "24": 7.170488074758055,
        "25": 6.453439267282249,
        "26": 11.436928479239093,
        "27": 6.429537640366389,
        "28": 8.556782435877945,
        "29": 5.1627514138257995,
        "30": 9.823568662418536,
        "31": 20.00566172857497
    },
    "rus_literature.html": {
        "0": 7.688526173019535,
        "1": 15.708878123966693,
        "2": 11.173925825622376,
        "3": 18.94602293530517,
        "4": 9.438599905497126,
        "5": 4.542326204520492,
        "6": 6.99046305500881,
        "7": 15.381968283489844,
        "8": 2.8217480967475788,
        "9": 4.212958395318249,
        "10": 0.7078949929122845,
        "11": 2.802084346944459,
        "12": 3.5148952773075237,
        "13": 0,
        "14": 1.420705923275349,
        "15": 2.8070002843952393,
        "16": 6.371054936210561,
        "17": 5.58942088153658,
        "18": 8.38658929103026,
        "19": 4.208042457867469,
        "20": 8.39150522848104,
        "21": 8.391505228481039,
        "22": 3.514895277307524,
        "23": 4.549700110696661,
        "24": 2.099105291482955,
        "25": 9.433683968046347,
        "26": 13.282862992006889,
        "27": 4.19821058296591,
        "28": 11.554910978057807,
        "29": 3.5001474649551843,
        "30": 8.38167335357948,
        "31": 1.0470946770160874,
        "32": 5.614000568790479,
        "33": 5.935994471816553,
        "34": 9.782715527051707,
        "35": 4.547242141971272,
        "36": 7.029790554615047,
        "37": 8.416084915734938,
        "38": 11.930980193042462,
        "39": 7.3714482074442405,
        "40": 16.065283589148226,
        "41": 14.015337672173072,
        "42": 15.760495467199881,
        "43": 14.698652977831456,
        "44": 15.381968283489842,
        "45": 8.054763513102627,
        "46": 7.703273985371873,
        "47": 2.7922524720429
    }
}